,index,dataset,time_predicted_mean
0,calinski_harabaz,Concrete_Data,9.673581891589695
1,calinski_harabaz,HappinessRank_2015,4.076045089297825
2,calinski_harabaz,ICU,5.696716255611843
3,calinski_harabaz,ParkinsonSpeechDataset,84.28140783309937
4,calinski_harabaz,analcatdata_lawsuit,0.7042737007141113
5,calinski_harabaz,analcatdata_vineyard,7.056506739722358
6,calinski_harabaz,analcatdata_wildcat,0.9784224033355713
7,calinski_harabaz,arsenic_female_bladder,5.479116042455037
8,calinski_harabaz,arsenic_male_bladder,31.673379871580337
9,calinski_harabaz,arsenic_male_lung,22.572535859213936
10,calinski_harabaz,autoUniv_au7_1100,48.91923136181302
11,calinski_harabaz,autoUniv_au7_500,1.8476624488830566
12,calinski_harabaz,autoUniv_au7_700,14.369020011689928
13,calinski_harabaz,badges2,0.5210353268517388
14,calinski_harabaz,banknote_authentication,22.890860981411404
15,calinski_harabaz,boston_corrected,2.5236758391062417
16,calinski_harabaz,breast_tissue,0.7600585619608561
17,calinski_harabaz,chscase_census2,2.0143928792741566
18,calinski_harabaz,chscase_census6,5.342328654395209
19,calinski_harabaz,collins,25.760867595672607
20,calinski_harabaz,dataset_185_yeast,19.660534116956924
21,calinski_harabaz,dataset_187_abalone,309.2339039378696
22,calinski_harabaz,dataset_18_mfeat_morphological,51.6229079829322
23,calinski_harabaz,dataset_2181_auto_price,0.7811365392473009
24,calinski_harabaz,dataset_36_segment,23.67218870586819
25,calinski_harabaz,dataset_39_ecoli,0.7016255590650771
26,calinski_harabaz,dataset_41_glass,2.8991394307878284
27,calinski_harabaz,dataset_43_haberman,1.113682958814833
28,calinski_harabaz,dataset_53_heart_statlog,1.132276005215115
29,calinski_harabaz,dataset_54_vehicle,14.950758006837633
30,calinski_harabaz,dataset_8_liver_disorders,3.025311575995551
31,calinski_harabaz,debutanizer,88.1973458925883
32,calinski_harabaz,disclosure_x_bias,12.085854000515408
33,calinski_harabaz,fri_c0_1000_25,69.73831182056003
34,calinski_harabaz,fri_c0_100_25,0.5828986697726779
35,calinski_harabaz,fri_c0_250_10,4.517737680011326
36,calinski_harabaz,fri_c1_1000_5,27.805297533671062
37,calinski_harabaz,fri_c1_100_10,1.3101791540781658
38,calinski_harabaz,fri_c1_100_5,1.94067292743259
39,calinski_harabaz,fri_c1_250_10,1.7819595866733127
40,calinski_harabaz,fri_c1_250_5,2.181643697950575
41,calinski_harabaz,fri_c1_500_25,11.685466978285048
42,calinski_harabaz,fri_c2_1000_10,37.02982491917081
43,calinski_harabaz,fri_c2_250_10,4.24951786465115
44,calinski_harabaz,fri_c2_500_5,6.0724729961819115
45,calinski_harabaz,fri_c3_1000_10,20.221713675392998
46,calinski_harabaz,fri_c3_1000_5,13.054583072662354
47,calinski_harabaz,fri_c3_250_25,4.261437892913818
48,calinski_harabaz,fri_c3_250_5,2.8329338232676187
49,calinski_harabaz,fri_c3_500_10,6.986128939522637
50,calinski_harabaz,fri_c3_500_5,3.4833138253953724
51,calinski_harabaz,fri_c4_1000_100,15.043169498443604
52,calinski_harabaz,fri_c4_1000_25,27.05941054556105
53,calinski_harabaz,fri_c4_250_10,1.4080818759070501
54,calinski_harabaz,fri_c4_250_25,4.113447851604885
55,calinski_harabaz,fri_c4_500_25,10.469743728637695
56,calinski_harabaz,generated_10dim_10cl,5.103217416339451
57,calinski_harabaz,generated_10dim_30cl,6.465850326750013
58,calinski_harabaz,generated_2dim_10cl,0.9250974125332303
59,calinski_harabaz,generated_2dim_30cl,6.065117994944255
60,calinski_harabaz,heart_h,0.8812284734514024
61,calinski_harabaz,heart_long_beach,0.5455062124464247
62,calinski_harabaz,heart_switzerland,1.8428827656639948
63,calinski_harabaz,immunotherapy,0.4479333029852973
64,calinski_harabaz,iris,1.5036600960625544
65,calinski_harabaz,leaf,1.4264433648851182
66,calinski_harabaz,mu284,3.478041887283325
67,calinski_harabaz,oil_spill,14.175001329845852
68,calinski_harabaz,parkinsons,0.7811821301778158
69,calinski_harabaz,pathogen_survey_dataset,39.36084479755826
70,calinski_harabaz,planning_relax,2.9615103668636746
71,calinski_harabaz,pm10,7.090847094853719
72,calinski_harabaz,pollen,234.52177209324307
73,calinski_harabaz,prnn_crabs,0.7861769994099935
74,calinski_harabaz,prnn_fglass,2.044889900419447
75,calinski_harabaz,quake,67.54111377398173
76,calinski_harabaz,rmftsa_ctoarrivals,3.309240844514635
77,calinski_harabaz,rmftsa_sleepdata,0.8164208465152316
78,calinski_harabaz,sales_transactions,6.172099457846747
79,calinski_harabaz,seeds,0.8721669779883491
80,calinski_harabaz,seismic_bumps,1.850974480311076
81,calinski_harabaz,steel_plates_fault,21.493349578645493
82,calinski_harabaz,transplant,0.5760220686594645
83,calinski_harabaz,user_knowledge,1.128420697318183
84,calinski_harabaz,vertebra_column,4.582538207372029
85,calinski_harabaz,volcanoes_a2,9.621360513899061
86,calinski_harabaz,volcanoes_a3,26.56632709503174
87,calinski_harabaz,volcanoes_a4,110.62916575537787
88,calinski_harabaz,volcanoes_e1,10.678787231445312
89,calinski_harabaz,volcanoes_e2,62.10463237762451
90,calinski_harabaz,volcanoes_e3,96.77164445983038
91,calinski_harabaz,volcanoes_e4,24.668448130289715
92,calinski_harabaz,volcanoes_e5,77.59134358829922
93,calinski_harabaz,vowel,13.639473809136284
94,calinski_harabaz,wholesale_customers,9.878733979331123
95,calinski_harabaz,wine_quality_red,23.764450814988876
96,calinski_harabaz,yagoSchema_ttl,5.6540366013844805
97,davies_bouldin,Concrete_Data,447.02609459559125
98,davies_bouldin,HappinessRank_2015,64.17456250720554
99,davies_bouldin,ICU,107.72853989071317
100,davies_bouldin,ParkinsonSpeechDataset,420.9552530977461
101,davies_bouldin,analcatdata_lawsuit,140.69466643863254
102,davies_bouldin,analcatdata_vineyard,89.12568272484674
103,davies_bouldin,analcatdata_wildcat,44.74884496794807
104,davies_bouldin,arsenic_female_bladder,133.8791086408827
105,davies_bouldin,arsenic_male_bladder,86.59014866087172
106,davies_bouldin,arsenic_male_lung,93.8703543080224
107,davies_bouldin,autoUniv_au7_1100,306.0315543810527
108,davies_bouldin,autoUniv_au7_500,375.3028687371148
109,davies_bouldin,autoUniv_au7_700,315.4015232986874
110,davies_bouldin,badges2,39.37879080242581
111,davies_bouldin,banknote_authentication,257.80379679467944
112,davies_bouldin,boston_corrected,466.9101913505131
113,davies_bouldin,breast_tissue,7.8873920705583345
114,davies_bouldin,chscase_census2,136.67387930552164
115,davies_bouldin,chscase_census6,96.07780159844293
116,davies_bouldin,collins,115.57923952738444
117,davies_bouldin,dataset_185_yeast,468.09791326522827
118,davies_bouldin,dataset_187_abalone,588.224203824997
119,davies_bouldin,dataset_18_mfeat_morphological,911.4268488354153
120,davies_bouldin,dataset_2181_auto_price,48.712360567516754
121,davies_bouldin,dataset_36_segment,412.26144835684033
122,davies_bouldin,dataset_39_ecoli,108.75152375962999
123,davies_bouldin,dataset_41_glass,41.65755459997389
124,davies_bouldin,dataset_43_haberman,51.4421435991923
125,davies_bouldin,dataset_53_heart_statlog,52.96482261021932
126,davies_bouldin,dataset_54_vehicle,95.54155037138197
127,davies_bouldin,dataset_8_liver_disorders,108.30041790008545
128,davies_bouldin,debutanizer,482.3196941481696
129,davies_bouldin,disclosure_x_bias,76.74060198995802
130,davies_bouldin,fri_c0_1000_25,77.91588105095758
131,davies_bouldin,fri_c0_100_25,0.6657515896691216
132,davies_bouldin,fri_c0_250_10,35.95107677247788
133,davies_bouldin,fri_c1_1000_5,113.99017802874248
134,davies_bouldin,fri_c1_100_10,12.18648009830051
135,davies_bouldin,fri_c1_100_5,8.513164281845093
136,davies_bouldin,fri_c1_250_10,28.428168694178265
137,davies_bouldin,fri_c1_250_5,20.0729361904992
138,davies_bouldin,fri_c1_500_25,84.45019435882568
139,davies_bouldin,fri_c2_1000_10,345.0014050536686
140,davies_bouldin,fri_c2_250_10,25.60822794172499
141,davies_bouldin,fri_c2_500_5,40.64692476060655
142,davies_bouldin,fri_c3_1000_10,258.03370152579413
143,davies_bouldin,fri_c3_1000_5,244.47939128345914
144,davies_bouldin,fri_c3_250_25,33.66869521141052
145,davies_bouldin,fri_c3_250_5,42.74433048566183
146,davies_bouldin,fri_c3_500_10,127.77448442247179
147,davies_bouldin,fri_c3_500_5,96.50917977756924
148,davies_bouldin,fri_c4_1000_100,278.7718145582411
149,davies_bouldin,fri_c4_1000_25,258.83116449250116
150,davies_bouldin,fri_c4_250_10,25.40063452720642
151,davies_bouldin,fri_c4_250_25,28.060162597232395
152,davies_bouldin,fri_c4_500_25,96.77938546074762
153,davies_bouldin,generated_10dim_10cl,106.16975389586554
154,davies_bouldin,generated_10dim_30cl,274.4569033516778
155,davies_bouldin,generated_2dim_10cl,161.38410011927286
156,davies_bouldin,generated_2dim_30cl,313.69531003634137
157,davies_bouldin,heart_h,92.14569754070706
158,davies_bouldin,heart_long_beach,36.95693299505446
159,davies_bouldin,heart_switzerland,9.273261149724325
160,davies_bouldin,immunotherapy,38.13504174020555
161,davies_bouldin,iris,17.806317779752945
162,davies_bouldin,leaf,74.16921022203233
163,davies_bouldin,mu284,14.054591920640734
164,davies_bouldin,oil_spill,88.5427201324039
165,davies_bouldin,parkinsons,0.0
166,davies_bouldin,pathogen_survey_dataset,186.279375606113
167,davies_bouldin,planning_relax,17.726437277264065
168,davies_bouldin,pm10,67.08013150427077
169,davies_bouldin,pollen,655.3770665327708
170,davies_bouldin,prnn_crabs,8.314228799608019
171,davies_bouldin,prnn_fglass,16.49588343832228
172,davies_bouldin,quake,579.7262121571434
173,davies_bouldin,rmftsa_ctoarrivals,25.105262756347656
174,davies_bouldin,rmftsa_sleepdata,59.86944897969564
175,davies_bouldin,sales_transactions,215.9173799885644
176,davies_bouldin,seeds,16.013352473576862
177,davies_bouldin,seismic_bumps,13.627572351031834
178,davies_bouldin,steel_plates_fault,641.6673062907325
179,davies_bouldin,transplant,11.01973138915168
180,davies_bouldin,user_knowledge,11.38804833094279
181,davies_bouldin,vertebra_column,57.93561307589213
182,davies_bouldin,volcanoes_a2,429.0825346310933
183,davies_bouldin,volcanoes_a3,358.1321302519904
184,davies_bouldin,volcanoes_a4,315.7951904137929
185,davies_bouldin,volcanoes_e1,428.07203544510736
186,davies_bouldin,volcanoes_e2,360.43310432963904
187,davies_bouldin,volcanoes_e3,477.19466190867956
188,davies_bouldin,volcanoes_e4,455.1912320190006
189,davies_bouldin,volcanoes_e5,264.12770075268213
190,davies_bouldin,vowel,261.15125756793555
191,davies_bouldin,wholesale_customers,116.7779786321852
192,davies_bouldin,wine_quality_red,237.30981442663403
193,davies_bouldin,yagoSchema_ttl,16.46607740720113
194,dunn,Concrete_Data,93.50337195396423
195,dunn,HappinessRank_2015,4.850983460744222
196,dunn,ICU,4.841584867901272
197,dunn,ParkinsonSpeechDataset,106.89870897928874
198,dunn,analcatdata_lawsuit,0.07697420650058323
199,dunn,analcatdata_vineyard,23.157090796364677
200,dunn,analcatdata_wildcat,0.0
201,dunn,arsenic_female_bladder,2.4827076064215765
202,dunn,arsenic_male_bladder,46.82836389541626
203,dunn,arsenic_male_lung,17.52477020687527
204,dunn,autoUniv_au7_1100,38.92707716094123
205,dunn,autoUniv_au7_500,3.5731777350107827
206,dunn,autoUniv_au7_700,111.85705629984538
207,dunn,badges2,0.0
208,dunn,banknote_authentication,124.20705326398213
209,dunn,boston_corrected,38.65230517917209
210,dunn,breast_tissue,0.045796208911471896
211,dunn,chscase_census2,1.3130035665300157
212,dunn,chscase_census6,18.553020344840156
213,dunn,collins,129.11523355378046
214,dunn,dataset_185_yeast,321.1811393896739
215,dunn,dataset_187_abalone,2927.172291384803
216,dunn,dataset_18_mfeat_morphological,204.49428023232355
217,dunn,dataset_2181_auto_price,0.0
218,dunn,dataset_36_segment,406.40814177195233
219,dunn,dataset_39_ecoli,0.0
220,dunn,dataset_41_glass,0.6617374155256484
221,dunn,dataset_43_haberman,0.0
222,dunn,dataset_53_heart_statlog,1.420419242646959
223,dunn,dataset_54_vehicle,11.206111033757528
224,dunn,dataset_8_liver_disorders,1.1042012903425429
225,dunn,debutanizer,1180.598593711853
226,dunn,disclosure_x_bias,29.112706661224365
227,dunn,fri_c0_1000_25,106.4458089934455
228,dunn,fri_c0_100_25,0.0
229,dunn,fri_c0_250_10,8.188701709111532
230,dunn,fri_c1_1000_5,102.65494487020705
231,dunn,fri_c1_100_10,0.14277137650383842
232,dunn,fri_c1_100_5,0.2578303813934326
233,dunn,fri_c1_250_10,1.793950875600179
234,dunn,fri_c1_250_5,6.021268897586399
235,dunn,fri_c1_500_25,3.0812725755903454
236,dunn,fri_c2_1000_10,106.02315603362189
237,dunn,fri_c2_250_10,7.865438116921319
238,dunn,fri_c2_500_5,74.76746447881062
239,dunn,fri_c3_1000_10,120.20682252777948
240,dunn,fri_c3_1000_5,190.6889956527286
241,dunn,fri_c3_250_25,0.14794622527228463
242,dunn,fri_c3_250_5,5.119004964828491
243,dunn,fri_c3_500_10,27.896577543682522
244,dunn,fri_c3_500_5,45.83815473980374
245,dunn,fri_c4_1000_100,0.9445747534434
246,dunn,fri_c4_1000_25,168.9782280392117
247,dunn,fri_c4_250_10,0.24805630577935112
248,dunn,fri_c4_250_25,5.818200243843926
249,dunn,fri_c4_500_25,7.381318277782864
250,dunn,generated_10dim_10cl,4.609495984183417
251,dunn,generated_10dim_30cl,84.93612247043185
252,dunn,generated_2dim_10cl,0.0
253,dunn,generated_2dim_30cl,3.526919311947293
254,dunn,heart_h,0.0
255,dunn,heart_long_beach,0.10421893331739637
256,dunn,heart_switzerland,2.3106664286719427
257,dunn,immunotherapy,0.0
258,dunn,iris,3.0994607872433133
259,dunn,leaf,0.0
260,dunn,mu284,0.0
261,dunn,oil_spill,83.3455416361491
262,dunn,parkinsons,0.0
263,dunn,pathogen_survey_dataset,35.10907416873508
264,dunn,planning_relax,4.7295998732248945
265,dunn,pm10,28.75034252802531
266,dunn,pollen,2947.0119881629944
267,dunn,prnn_crabs,6.6272106700473365
268,dunn,prnn_fglass,0.0
269,dunn,quake,294.38958472675745
270,dunn,rmftsa_ctoarrivals,4.147827386856079
271,dunn,rmftsa_sleepdata,1.1866237322489421
272,dunn,sales_transactions,2.349039157231649
273,dunn,seeds,0.32492441601223415
274,dunn,seismic_bumps,1.0444112088945177
275,dunn,steel_plates_fault,397.5740265051524
276,dunn,transplant,0.0
277,dunn,user_knowledge,1.190810547934638
278,dunn,vertebra_column,25.866153399149578
279,dunn,volcanoes_a2,498.9474070072174
280,dunn,volcanoes_a3,283.1881558895111
281,dunn,volcanoes_a4,237.95794908205667
282,dunn,volcanoes_e1,237.1178436809116
283,dunn,volcanoes_e2,109.61749614609613
284,dunn,volcanoes_e3,119.10856662856207
285,dunn,volcanoes_e4,99.87025634447734
286,dunn,volcanoes_e5,77.05009502834744
287,dunn,vowel,12.819368468390572
288,dunn,wholesale_customers,13.81390372912089
289,dunn,wine_quality_red,99.74298524856567
290,dunn,yagoSchema_ttl,1.1097440719604492
291,dvcb,Concrete_Data,1116.2223985460068
292,dvcb,HappinessRank_2015,33.13741037580702
293,dvcb,ICU,22.302377780278523
294,dvcb,ParkinsonSpeechDataset,1280.1309965981377
295,dvcb,analcatdata_lawsuit,55.59323787689209
296,dvcb,analcatdata_vineyard,183.78057567278543
297,dvcb,analcatdata_wildcat,25.84843333562215
298,dvcb,arsenic_female_bladder,255.56066947513156
299,dvcb,arsenic_male_bladder,288.58098038037616
300,dvcb,arsenic_male_lung,262.74345866839093
301,dvcb,autoUniv_au7_1100,683.4844363265568
302,dvcb,autoUniv_au7_500,252.7861729198032
303,dvcb,autoUniv_au7_700,324.2650297747718
304,dvcb,badges2,35.93433615896437
305,dvcb,banknote_authentication,1603.3447137408787
306,dvcb,boston_corrected,194.26442991362677
307,dvcb,breast_tissue,24.08784974945916
308,dvcb,chscase_census2,138.66049318843417
309,dvcb,chscase_census6,205.74926368395487
310,dvcb,collins,803.4909303983053
311,dvcb,dataset_185_yeast,1593.597723642985
312,dvcb,dataset_187_abalone,12695.853398720423
313,dvcb,dataset_18_mfeat_morphological,2979.2485647466447
314,dvcb,dataset_2181_auto_price,50.04534316062927
315,dvcb,dataset_36_segment,3303.171539730496
316,dvcb,dataset_39_ecoli,73.24216808213129
317,dvcb,dataset_41_glass,54.764054510328506
318,dvcb,dataset_43_haberman,75.65566407309637
319,dvcb,dataset_53_heart_statlog,68.72778283225165
320,dvcb,dataset_54_vehicle,506.07220644421045
321,dvcb,dataset_8_liver_disorders,126.06383265389337
322,dvcb,debutanizer,5854.647896422281
323,dvcb,disclosure_x_bias,279.6441465748681
324,dvcb,fri_c0_1000_25,726.6329062514835
325,dvcb,fri_c0_100_25,24.24590187602573
326,dvcb,fri_c0_250_10,49.967392179701065
327,dvcb,fri_c1_1000_5,662.34228515625
328,dvcb,fri_c1_100_10,20.921807792451645
329,dvcb,fri_c1_100_5,20.98432943556044
330,dvcb,fri_c1_250_10,54.85989072587755
331,dvcb,fri_c1_250_5,78.6804169813792
332,dvcb,fri_c1_500_25,209.60676640934415
333,dvcb,fri_c2_1000_10,914.9310394128164
334,dvcb,fri_c2_250_10,53.006652726067436
335,dvcb,fri_c2_500_5,338.40114373630945
336,dvcb,fri_c3_1000_10,777.1141137811873
337,dvcb,fri_c3_1000_5,536.0565299987793
338,dvcb,fri_c3_250_25,83.74596948093838
339,dvcb,fri_c3_250_5,72.16943041483562
340,dvcb,fri_c3_500_10,196.80485579702588
341,dvcb,fri_c3_500_5,293.85531038708154
342,dvcb,fri_c4_1000_100,910.6154851383633
343,dvcb,fri_c4_1000_25,604.920718855328
344,dvcb,fri_c4_250_10,85.46697489420573
345,dvcb,fri_c4_250_25,58.90588974952698
346,dvcb,fri_c4_500_25,270.9222399128808
347,dvcb,generated_10dim_10cl,562.7366089026133
348,dvcb,generated_10dim_30cl,885.6653655634987
349,dvcb,generated_2dim_10cl,513.8349678516388
350,dvcb,generated_2dim_30cl,577.06419995096
351,dvcb,heart_h,69.06428419219122
352,dvcb,heart_long_beach,54.01037655936347
353,dvcb,heart_switzerland,26.959434032440186
354,dvcb,immunotherapy,10.805161184734768
355,dvcb,iris,31.720584895875717
356,dvcb,leaf,122.35734158092075
357,dvcb,mu284,79.94850357373555
358,dvcb,oil_spill,880.3865881496006
359,dvcb,parkinsons,56.328809605704414
360,dvcb,pathogen_survey_dataset,680.8945500850677
361,dvcb,planning_relax,48.415449910693695
362,dvcb,pm10,275.4403755929735
363,dvcb,pollen,17168.047660483255
364,dvcb,prnn_crabs,25.33042181862725
365,dvcb,prnn_fglass,43.08849567837186
366,dvcb,quake,7175.445925341712
367,dvcb,rmftsa_ctoarrivals,69.48061445024278
368,dvcb,rmftsa_sleepdata,197.75088098314075
369,dvcb,sales_transactions,488.05177850193445
370,dvcb,seeds,34.924461417728
371,dvcb,seismic_bumps,24.71790952152676
372,dvcb,steel_plates_fault,5022.374665445752
373,dvcb,transplant,20.449915409088135
374,dvcb,user_knowledge,65.05144866307576
375,dvcb,vertebra_column,79.22948633299933
376,dvcb,volcanoes_a2,2008.2081807719337
377,dvcb,volcanoes_a3,1482.518500910865
378,dvcb,volcanoes_a4,1777.0063172446357
379,dvcb,volcanoes_e1,826.4084712134468
380,dvcb,volcanoes_e2,756.0669767326779
381,dvcb,volcanoes_e3,1119.848811758889
382,dvcb,volcanoes_e4,1025.7934845023685
383,dvcb,volcanoes_e5,1025.9079526000553
384,dvcb,vowel,1309.3886561923557
385,dvcb,wholesale_customers,178.04438172446356
386,dvcb,wine_quality_red,1490.12360713217
387,dvcb,yagoSchema_ttl,37.871685107549034
388,generalized_dunn_13,Concrete_Data,131.7861569457584
389,generalized_dunn_13,HappinessRank_2015,37.4725821548038
390,generalized_dunn_13,ICU,48.59696788258023
391,generalized_dunn_13,ParkinsonSpeechDataset,144.3838894367218
392,generalized_dunn_13,analcatdata_lawsuit,27.958479086558025
393,generalized_dunn_13,analcatdata_vineyard,41.54745570818583
394,generalized_dunn_13,analcatdata_wildcat,0.0
395,generalized_dunn_13,arsenic_female_bladder,23.778982162475586
396,generalized_dunn_13,arsenic_male_bladder,80.71656987402174
397,generalized_dunn_13,arsenic_male_lung,88.87146059672038
398,generalized_dunn_13,autoUniv_au7_1100,235.680534919103
399,generalized_dunn_13,autoUniv_au7_500,243.45519651307
400,generalized_dunn_13,autoUniv_au7_700,101.78075419531928
401,generalized_dunn_13,badges2,0.0
402,generalized_dunn_13,banknote_authentication,215.10726205507913
403,generalized_dunn_13,boston_corrected,144.1691685517629
404,generalized_dunn_13,breast_tissue,75.26907788382636
405,generalized_dunn_13,chscase_census2,82.52882369359334
406,generalized_dunn_13,chscase_census6,51.23634703954061
407,generalized_dunn_13,collins,90.61818340089586
408,generalized_dunn_13,dataset_185_yeast,282.76708409521314
409,generalized_dunn_13,dataset_187_abalone,2449.502379179001
410,generalized_dunn_13,dataset_18_mfeat_morphological,459.2631225321028
411,generalized_dunn_13,dataset_2181_auto_price,169.30388840039572
412,generalized_dunn_13,dataset_36_segment,643.9366518126594
413,generalized_dunn_13,dataset_39_ecoli,0.0
414,generalized_dunn_13,dataset_41_glass,13.009382035997179
415,generalized_dunn_13,dataset_43_haberman,0.7178574932946098
416,generalized_dunn_13,dataset_53_heart_statlog,39.9893470870124
417,generalized_dunn_13,dataset_54_vehicle,87.56136189566718
418,generalized_dunn_13,dataset_8_liver_disorders,17.485802862379288
419,generalized_dunn_13,debutanizer,1202.1954005029465
420,generalized_dunn_13,disclosure_x_bias,128.8799143102434
421,generalized_dunn_13,fri_c0_1000_25,381.970948987537
422,generalized_dunn_13,fri_c0_100_25,21.96843541993035
423,generalized_dunn_13,fri_c0_250_10,19.68904407819112
424,generalized_dunn_13,fri_c1_1000_5,364.7112554444207
425,generalized_dunn_13,fri_c1_100_10,28.396288368437027
426,generalized_dunn_13,fri_c1_100_5,36.16642289691501
427,generalized_dunn_13,fri_c1_250_10,43.504150787989296
428,generalized_dunn_13,fri_c1_250_5,83.1396223174201
429,generalized_dunn_13,fri_c1_500_25,145.93201287587485
430,generalized_dunn_13,fri_c2_1000_10,794.300063000785
431,generalized_dunn_13,fri_c2_250_10,53.53004781405131
432,generalized_dunn_13,fri_c2_500_5,253.19632951418558
433,generalized_dunn_13,fri_c3_1000_10,1195.7646953529782
434,generalized_dunn_13,fri_c3_1000_5,460.36475059721204
435,generalized_dunn_13,fri_c3_250_25,43.6295432249705
436,generalized_dunn_13,fri_c3_250_5,63.75632357597351
437,generalized_dunn_13,fri_c3_500_10,88.28716680738661
438,generalized_dunn_13,fri_c3_500_5,67.42076264487372
439,generalized_dunn_13,fri_c4_1000_100,407.75582734743756
440,generalized_dunn_13,fri_c4_1000_25,354.22264287206855
441,generalized_dunn_13,fri_c4_250_10,39.84874436590407
442,generalized_dunn_13,fri_c4_250_25,101.86988292800055
443,generalized_dunn_13,fri_c4_500_25,218.9521850215064
444,generalized_dunn_13,generated_10dim_10cl,202.739542166392
445,generalized_dunn_13,generated_10dim_30cl,118.52243468496535
446,generalized_dunn_13,generated_2dim_10cl,0.0
447,generalized_dunn_13,generated_2dim_30cl,120.69517019059923
448,generalized_dunn_13,heart_h,0.32500656445821124
449,generalized_dunn_13,heart_long_beach,0.1421468522813585
450,generalized_dunn_13,heart_switzerland,66.09342643949721
451,generalized_dunn_13,immunotherapy,0.0
452,generalized_dunn_13,iris,0.25649627049763996
453,generalized_dunn_13,leaf,0.0
454,generalized_dunn_13,mu284,0.0
455,generalized_dunn_13,oil_spill,129.01901388168335
456,generalized_dunn_13,parkinsons,0.0
457,generalized_dunn_13,pathogen_survey_dataset,249.1241891119215
458,generalized_dunn_13,planning_relax,81.29704186651442
459,generalized_dunn_13,pm10,80.85595075289409
460,generalized_dunn_13,pollen,194.4371128877004
461,generalized_dunn_13,prnn_crabs,24.26454888449775
462,generalized_dunn_13,prnn_fglass,14.78857167561849
463,generalized_dunn_13,quake,599.216746462716
464,generalized_dunn_13,rmftsa_ctoarrivals,38.6113551457723
465,generalized_dunn_13,rmftsa_sleepdata,0.0
466,generalized_dunn_13,sales_transactions,28.771879805458916
467,generalized_dunn_13,seeds,8.373141288757324
468,generalized_dunn_13,seismic_bumps,45.33430504798889
469,generalized_dunn_13,steel_plates_fault,360.8490783373515
470,generalized_dunn_13,transplant,0.0
471,generalized_dunn_13,user_knowledge,38.695897049374054
472,generalized_dunn_13,vertebra_column,7.2577706178029375
473,generalized_dunn_13,volcanoes_a2,504.31194191508825
474,generalized_dunn_13,volcanoes_a3,441.0816864172618
475,generalized_dunn_13,volcanoes_a4,368.67497385872736
476,generalized_dunn_13,volcanoes_e1,188.74051843749152
477,generalized_dunn_13,volcanoes_e2,109.0399214691586
478,generalized_dunn_13,volcanoes_e3,211.65469347106085
479,generalized_dunn_13,volcanoes_e4,241.50551851590475
480,generalized_dunn_13,volcanoes_e5,250.61569656266107
481,generalized_dunn_13,vowel,124.57983337508307
482,generalized_dunn_13,wholesale_customers,73.19445265663995
483,generalized_dunn_13,wine_quality_red,217.53224425845676
484,generalized_dunn_13,yagoSchema_ttl,18.917653375201755
485,generalized_dunn_41,Concrete_Data,94.013250430425
486,generalized_dunn_41,HappinessRank_2015,5.394690010282728
487,generalized_dunn_41,ICU,3.142089419894748
488,generalized_dunn_41,ParkinsonSpeechDataset,95.79488939709134
489,generalized_dunn_41,analcatdata_lawsuit,1.0129136244455974
490,generalized_dunn_41,analcatdata_vineyard,12.35892981953091
491,generalized_dunn_41,analcatdata_wildcat,0.0
492,generalized_dunn_41,arsenic_female_bladder,2.339909553527832
493,generalized_dunn_41,arsenic_male_bladder,15.946878698137072
494,generalized_dunn_41,arsenic_male_lung,16.172886821958755
495,generalized_dunn_41,autoUniv_au7_1100,112.50583383772108
496,generalized_dunn_41,autoUniv_au7_500,38.496424727969696
497,generalized_dunn_41,autoUniv_au7_700,33.44468071725633
498,generalized_dunn_41,badges2,0.0
499,generalized_dunn_41,banknote_authentication,157.31687551074558
500,generalized_dunn_41,boston_corrected,25.654746691385906
501,generalized_dunn_41,breast_tissue,1.256298303604126
502,generalized_dunn_41,chscase_census2,3.2309931914011636
503,generalized_dunn_41,chscase_census6,2.2409027417500815
504,generalized_dunn_41,collins,73.77225261264377
505,generalized_dunn_41,dataset_185_yeast,216.1690510114034
506,generalized_dunn_41,dataset_187_abalone,447.3836944103241
507,generalized_dunn_41,dataset_18_mfeat_morphological,209.00077806578742
508,generalized_dunn_41,dataset_2181_auto_price,0.0
509,generalized_dunn_41,dataset_36_segment,32.474036349190605
510,generalized_dunn_41,dataset_39_ecoli,0.36483444107903373
511,generalized_dunn_41,dataset_41_glass,1.7791726059383817
512,generalized_dunn_41,dataset_43_haberman,0.0
513,generalized_dunn_41,dataset_53_heart_statlog,3.8443048000335693
514,generalized_dunn_41,dataset_54_vehicle,39.173715088102554
515,generalized_dunn_41,dataset_8_liver_disorders,12.430890427695381
516,generalized_dunn_41,debutanizer,788.1454711225298
517,generalized_dunn_41,disclosure_x_bias,37.650005949868095
518,generalized_dunn_41,fri_c0_1000_25,74.76381137635973
519,generalized_dunn_41,fri_c0_100_25,0.0
520,generalized_dunn_41,fri_c0_250_10,7.223813242382473
521,generalized_dunn_41,fri_c1_1000_5,73.51366435156928
522,generalized_dunn_41,fri_c1_100_10,2.6600195831722684
523,generalized_dunn_41,fri_c1_100_5,2.0663109620412192
524,generalized_dunn_41,fri_c1_250_10,6.440024746788873
525,generalized_dunn_41,fri_c1_250_5,9.54430299335056
526,generalized_dunn_41,fri_c1_500_25,23.72074058320787
527,generalized_dunn_41,fri_c2_1000_10,74.64314828978644
528,generalized_dunn_41,fri_c2_250_10,8.281087478001913
529,generalized_dunn_41,fri_c2_500_5,31.21862769126892
530,generalized_dunn_41,fri_c3_1000_10,251.85331993632846
531,generalized_dunn_41,fri_c3_1000_5,72.27615857124329
532,generalized_dunn_41,fri_c3_250_25,4.170976400375366
533,generalized_dunn_41,fri_c3_250_5,9.105348163180881
534,generalized_dunn_41,fri_c3_500_10,43.113008711073135
535,generalized_dunn_41,fri_c3_500_5,11.353756719165379
536,generalized_dunn_41,fri_c4_1000_100,215.86559904946222
537,generalized_dunn_41,fri_c4_1000_25,83.10108171568976
538,generalized_dunn_41,fri_c4_250_10,7.694224675496419
539,generalized_dunn_41,fri_c4_250_25,7.569835795296563
540,generalized_dunn_41,fri_c4_500_25,23.049570507473415
541,generalized_dunn_41,generated_10dim_10cl,4.285477426317003
542,generalized_dunn_41,generated_10dim_30cl,58.25913169648912
543,generalized_dunn_41,generated_2dim_10cl,1.73594954278734
544,generalized_dunn_41,generated_2dim_30cl,21.934287654029
545,generalized_dunn_41,heart_h,0.6576401392618815
546,generalized_dunn_41,heart_long_beach,0.07924954096476237
547,generalized_dunn_41,heart_switzerland,1.872422695159912
548,generalized_dunn_41,immunotherapy,0.0
549,generalized_dunn_41,iris,3.1637322107950845
550,generalized_dunn_41,leaf,0.021960523393419053
551,generalized_dunn_41,mu284,0.0
552,generalized_dunn_41,oil_spill,43.6926761203342
553,generalized_dunn_41,parkinsons,0.0
554,generalized_dunn_41,pathogen_survey_dataset,106.61547729704115
555,generalized_dunn_41,planning_relax,3.10646653175354
556,generalized_dunn_41,pm10,51.35206336445279
557,generalized_dunn_41,pollen,2611.3464575608573
558,generalized_dunn_41,prnn_crabs,3.535385847091675
559,generalized_dunn_41,prnn_fglass,1.8989188141292996
560,generalized_dunn_41,quake,441.63641995853845
561,generalized_dunn_41,rmftsa_ctoarrivals,8.070141315460205
562,generalized_dunn_41,rmftsa_sleepdata,0.0
563,generalized_dunn_41,sales_transactions,8.299453337987265
564,generalized_dunn_41,seeds,6.321942567825317
565,generalized_dunn_41,seismic_bumps,1.9721806314256456
566,generalized_dunn_41,steel_plates_fault,270.6990744802687
567,generalized_dunn_41,transplant,0.0
568,generalized_dunn_41,user_knowledge,9.753500435087416
569,generalized_dunn_41,vertebra_column,7.100277450349596
570,generalized_dunn_41,volcanoes_a2,158.29980108473035
571,generalized_dunn_41,volcanoes_a3,70.32449852095709
572,generalized_dunn_41,volcanoes_a4,268.3045846886105
573,generalized_dunn_41,volcanoes_e1,59.6578942404853
574,generalized_dunn_41,volcanoes_e2,106.48670691914029
575,generalized_dunn_41,volcanoes_e3,139.17199081844754
576,generalized_dunn_41,volcanoes_e4,126.18779049979315
577,generalized_dunn_41,volcanoes_e5,130.91476723882886
578,generalized_dunn_41,vowel,245.65368874867758
579,generalized_dunn_41,wholesale_customers,16.04810667037964
580,generalized_dunn_41,wine_quality_red,136.04777134789362
581,generalized_dunn_41,yagoSchema_ttl,0.9876239829593234
582,generalized_dunn_43,Concrete_Data,744.5423264238569
583,generalized_dunn_43,HappinessRank_2015,62.628953297932945
584,generalized_dunn_43,ICU,61.067256371180214
585,generalized_dunn_43,ParkinsonSpeechDataset,368.0623881816864
586,generalized_dunn_43,analcatdata_lawsuit,31.720488998625015
587,generalized_dunn_43,analcatdata_vineyard,93.88896912998624
588,generalized_dunn_43,analcatdata_wildcat,48.670841773351036
589,generalized_dunn_43,arsenic_female_bladder,41.430107063717315
590,generalized_dunn_43,arsenic_male_bladder,83.76818142996893
591,generalized_dunn_43,arsenic_male_lung,110.41293915112813
592,generalized_dunn_43,autoUniv_au7_1100,2264.685346259011
593,generalized_dunn_43,autoUniv_au7_500,900.6965231100718
594,generalized_dunn_43,autoUniv_au7_700,1015.4867175420126
595,generalized_dunn_43,badges2,37.433333767784966
596,generalized_dunn_43,banknote_authentication,329.38214892811243
597,generalized_dunn_43,boston_corrected,60.19752483897739
598,generalized_dunn_43,breast_tissue,39.85707370440165
599,generalized_dunn_43,chscase_census2,97.28730980555217
600,generalized_dunn_43,chscase_census6,42.64112411604987
601,generalized_dunn_43,collins,166.10956483417087
602,generalized_dunn_43,dataset_185_yeast,578.052972237269
603,generalized_dunn_43,dataset_187_abalone,5179.543597009447
604,generalized_dunn_43,dataset_18_mfeat_morphological,1213.0785177813636
605,generalized_dunn_43,dataset_2181_auto_price,179.89351937505933
606,generalized_dunn_43,dataset_36_segment,379.6134561167823
607,generalized_dunn_43,dataset_39_ecoli,15.16251097785102
608,generalized_dunn_43,dataset_41_glass,4.1675528685251875
609,generalized_dunn_43,dataset_43_haberman,63.20091901885139
610,generalized_dunn_43,dataset_53_heart_statlog,94.36848468250699
611,generalized_dunn_43,dataset_54_vehicle,239.0873250696394
612,generalized_dunn_43,dataset_8_liver_disorders,90.13446794615851
613,generalized_dunn_43,debutanizer,3157.8790746000077
614,generalized_dunn_43,disclosure_x_bias,621.793398088879
615,generalized_dunn_43,fri_c0_1000_25,351.7291626665327
616,generalized_dunn_43,fri_c0_100_25,0.21052058537801108
617,generalized_dunn_43,fri_c0_250_10,274.55593564775256
618,generalized_dunn_43,fri_c1_1000_5,586.9552937348684
619,generalized_dunn_43,fri_c1_100_10,11.192192713419596
620,generalized_dunn_43,fri_c1_100_5,6.333974440892537
621,generalized_dunn_43,fri_c1_250_10,242.86762166023254
622,generalized_dunn_43,fri_c1_250_5,177.8135613600413
623,generalized_dunn_43,fri_c1_500_25,147.34858436054654
624,generalized_dunn_43,fri_c2_1000_10,2016.749411424001
625,generalized_dunn_43,fri_c2_250_10,123.83452741305034
626,generalized_dunn_43,fri_c2_500_5,150.80392689175076
627,generalized_dunn_43,fri_c3_1000_10,2576.3995321856605
628,generalized_dunn_43,fri_c3_1000_5,1144.4280414846207
629,generalized_dunn_43,fri_c3_250_25,23.831243594487507
630,generalized_dunn_43,fri_c3_250_5,12.562921471065945
631,generalized_dunn_43,fri_c3_500_10,610.2661660512289
632,generalized_dunn_43,fri_c3_500_5,380.3434430493249
633,generalized_dunn_43,fri_c4_1000_100,1232.8411428133647
634,generalized_dunn_43,fri_c4_1000_25,316.40326436360675
635,generalized_dunn_43,fri_c4_250_10,58.83053583568997
636,generalized_dunn_43,fri_c4_250_25,19.42289408047994
637,generalized_dunn_43,fri_c4_500_25,70.728080590566
638,generalized_dunn_43,generated_10dim_10cl,266.36224333445233
639,generalized_dunn_43,generated_10dim_30cl,504.05208524068195
640,generalized_dunn_43,generated_2dim_10cl,82.76380631658766
641,generalized_dunn_43,generated_2dim_30cl,176.01931052737766
642,generalized_dunn_43,heart_h,33.595955265892876
643,generalized_dunn_43,heart_long_beach,34.04523780610826
644,generalized_dunn_43,heart_switzerland,50.94467830657959
645,generalized_dunn_43,immunotherapy,0.0
646,generalized_dunn_43,iris,13.475548505783083
647,generalized_dunn_43,leaf,0.0
648,generalized_dunn_43,mu284,0.0
649,generalized_dunn_43,oil_spill,62.948495308558144
650,generalized_dunn_43,parkinsons,0.0
651,generalized_dunn_43,pathogen_survey_dataset,391.27608582708564
652,generalized_dunn_43,planning_relax,85.13605210516188
653,generalized_dunn_43,pm10,101.32175109121535
654,generalized_dunn_43,pollen,15462.832078695297
655,generalized_dunn_43,prnn_crabs,17.005291514926487
656,generalized_dunn_43,prnn_fglass,10.250321255789864
657,generalized_dunn_43,quake,1093.708396381802
658,generalized_dunn_43,rmftsa_ctoarrivals,102.66651185353597
659,generalized_dunn_43,rmftsa_sleepdata,185.8665803803338
660,generalized_dunn_43,sales_transactions,337.9257963763343
661,generalized_dunn_43,seeds,66.5400882826911
662,generalized_dunn_43,seismic_bumps,75.52769894070096
663,generalized_dunn_43,steel_plates_fault,815.952702972624
664,generalized_dunn_43,transplant,0.0
665,generalized_dunn_43,user_knowledge,55.01729424794516
666,generalized_dunn_43,vertebra_column,57.601643323898315
667,generalized_dunn_43,volcanoes_a2,715.3758037620121
668,generalized_dunn_43,volcanoes_a3,573.5857066843245
669,generalized_dunn_43,volcanoes_a4,688.9294140603807
670,generalized_dunn_43,volcanoes_e1,740.8112172020806
671,generalized_dunn_43,volcanoes_e2,564.9833643436432
672,generalized_dunn_43,volcanoes_e3,710.4412562317318
673,generalized_dunn_43,volcanoes_e4,646.504110707177
674,generalized_dunn_43,volcanoes_e5,812.6758096747928
675,generalized_dunn_43,vowel,1515.9141143163044
676,generalized_dunn_43,wholesale_customers,46.917916456858315
677,generalized_dunn_43,wine_quality_red,175.78573213683234
678,generalized_dunn_43,yagoSchema_ttl,41.45817465252347
679,generalized_dunn_51,Concrete_Data,112.90047801865472
680,generalized_dunn_51,HappinessRank_2015,4.2315763632456465
681,generalized_dunn_51,ICU,2.3271288341946073
682,generalized_dunn_51,ParkinsonSpeechDataset,138.0216793484158
683,generalized_dunn_51,analcatdata_lawsuit,3.2772927284240723
684,generalized_dunn_51,analcatdata_vineyard,6.607300493452284
685,generalized_dunn_51,analcatdata_wildcat,1.567569096883138
686,generalized_dunn_51,arsenic_female_bladder,26.511320802900528
687,generalized_dunn_51,arsenic_male_bladder,30.185058116912842
688,generalized_dunn_51,arsenic_male_lung,30.485288699467976
689,generalized_dunn_51,autoUniv_au7_1100,128.16104261080423
690,generalized_dunn_51,autoUniv_au7_500,45.495114670859444
691,generalized_dunn_51,autoUniv_au7_700,46.84795970386929
692,generalized_dunn_51,badges2,1.0460260974036322
693,generalized_dunn_51,banknote_authentication,177.40429057015314
694,generalized_dunn_51,boston_corrected,39.70609845055474
695,generalized_dunn_51,breast_tissue,2.707875463697645
696,generalized_dunn_51,chscase_census2,5.441316922505696
697,generalized_dunn_51,chscase_census6,15.957824998431736
698,generalized_dunn_51,collins,87.2697122891744
699,generalized_dunn_51,dataset_185_yeast,111.0118162367079
700,generalized_dunn_51,dataset_187_abalone,2388.658578740226
701,generalized_dunn_51,dataset_18_mfeat_morphological,264.1703477700551
702,generalized_dunn_51,dataset_2181_auto_price,0.942567401462131
703,generalized_dunn_51,dataset_36_segment,437.70842006471423
704,generalized_dunn_51,dataset_39_ecoli,9.913925382826063
705,generalized_dunn_51,dataset_41_glass,3.8709366056654186
706,generalized_dunn_51,dataset_43_haberman,1.1059546205732558
707,generalized_dunn_51,dataset_53_heart_statlog,8.104863087336222
708,generalized_dunn_51,dataset_54_vehicle,34.789655182096695
709,generalized_dunn_51,dataset_8_liver_disorders,15.456471814049614
710,generalized_dunn_51,debutanizer,877.0362063248953
711,generalized_dunn_51,disclosure_x_bias,37.53089684910245
712,generalized_dunn_51,fri_c0_1000_25,30.38263768619961
713,generalized_dunn_51,fri_c0_100_25,0.3349798520406087
714,generalized_dunn_51,fri_c0_250_10,5.039850791295369
715,generalized_dunn_51,fri_c1_1000_5,89.13162665896945
716,generalized_dunn_51,fri_c1_100_10,2.928036822213067
717,generalized_dunn_51,fri_c1_100_5,2.384813494152493
718,generalized_dunn_51,fri_c1_250_10,1.7996235688527424
719,generalized_dunn_51,fri_c1_250_5,7.246851868099636
720,generalized_dunn_51,fri_c1_500_25,22.371522347132366
721,generalized_dunn_51,fri_c2_1000_10,79.08308302031622
722,generalized_dunn_51,fri_c2_250_10,5.672391864988539
723,generalized_dunn_51,fri_c2_500_5,40.58388349745009
724,generalized_dunn_51,fri_c3_1000_10,174.0161041153802
725,generalized_dunn_51,fri_c3_1000_5,135.65287399291992
726,generalized_dunn_51,fri_c3_250_25,4.419850163989597
727,generalized_dunn_51,fri_c3_250_5,9.454726272159153
728,generalized_dunn_51,fri_c3_500_10,44.50102061695523
729,generalized_dunn_51,fri_c3_500_5,52.51376909679837
730,generalized_dunn_51,fri_c4_1000_100,138.5130014154646
731,generalized_dunn_51,fri_c4_1000_25,88.50571216477289
732,generalized_dunn_51,fri_c4_250_10,2.123359547721015
733,generalized_dunn_51,fri_c4_250_25,7.5676173898908825
734,generalized_dunn_51,fri_c4_500_25,20.86125662591722
735,generalized_dunn_51,generated_10dim_10cl,4.912277168697781
736,generalized_dunn_51,generated_10dim_30cl,63.82941357294718
737,generalized_dunn_51,generated_2dim_10cl,10.247491465674507
738,generalized_dunn_51,generated_2dim_30cl,65.35289473003812
739,generalized_dunn_51,heart_h,8.441826237572563
740,generalized_dunn_51,heart_long_beach,0.2049703598022461
741,generalized_dunn_51,heart_switzerland,2.3263961209191217
742,generalized_dunn_51,immunotherapy,1.1518660916222467
743,generalized_dunn_51,iris,0.0
744,generalized_dunn_51,leaf,0.0
745,generalized_dunn_51,mu284,0.007956186930338541
746,generalized_dunn_51,oil_spill,86.3189016977946
747,generalized_dunn_51,parkinsons,0.0
748,generalized_dunn_51,pathogen_survey_dataset,91.75851816601224
749,generalized_dunn_51,planning_relax,3.8557306130727134
750,generalized_dunn_51,pm10,33.17982898818122
751,generalized_dunn_51,pollen,2547.263746817907
752,generalized_dunn_51,prnn_crabs,7.954487615161472
753,generalized_dunn_51,prnn_fglass,6.062109364403619
754,generalized_dunn_51,quake,538.6108570363787
755,generalized_dunn_51,rmftsa_ctoarrivals,15.230887942843967
756,generalized_dunn_51,rmftsa_sleepdata,8.67843312687344
757,generalized_dunn_51,sales_transactions,57.24667869673835
758,generalized_dunn_51,seeds,4.953567769792345
759,generalized_dunn_51,seismic_bumps,15.155682722727457
760,generalized_dunn_51,steel_plates_fault,182.8849152723948
761,generalized_dunn_51,transplant,0.0
762,generalized_dunn_51,user_knowledge,13.310637368096245
763,generalized_dunn_51,vertebra_column,20.39866214328342
764,generalized_dunn_51,volcanoes_a2,313.8684533172184
765,generalized_dunn_51,volcanoes_a3,320.1902054945628
766,generalized_dunn_51,volcanoes_a4,293.67608155144586
767,generalized_dunn_51,volcanoes_e1,372.91647889879016
768,generalized_dunn_51,volcanoes_e2,170.0908109611935
769,generalized_dunn_51,volcanoes_e3,244.09348482555814
770,generalized_dunn_51,volcanoes_e4,309.8621497684055
771,generalized_dunn_51,volcanoes_e5,254.31698722309537
772,generalized_dunn_51,vowel,32.12409856584337
773,generalized_dunn_51,wholesale_customers,11.221133338080513
774,generalized_dunn_51,wine_quality_red,104.38337413469951
775,generalized_dunn_51,yagoSchema_ttl,1.0198363992902968
776,generalized_dunn_53,Concrete_Data,127.9008608924018
777,generalized_dunn_53,HappinessRank_2015,22.780117087894016
778,generalized_dunn_53,ICU,6.835431734720866
779,generalized_dunn_53,ParkinsonSpeechDataset,274.94244236416284
780,generalized_dunn_53,analcatdata_lawsuit,140.884481827418
781,generalized_dunn_53,analcatdata_vineyard,133.09649851587085
782,generalized_dunn_53,analcatdata_wildcat,30.184216419855755
783,generalized_dunn_53,arsenic_female_bladder,91.37626014815436
784,generalized_dunn_53,arsenic_male_bladder,104.74723365571764
785,generalized_dunn_53,arsenic_male_lung,122.02393730481465
786,generalized_dunn_53,autoUniv_au7_1100,648.6410210397509
787,generalized_dunn_53,autoUniv_au7_500,370.25143596861096
788,generalized_dunn_53,autoUniv_au7_700,424.1790137555864
789,generalized_dunn_53,badges2,55.04657771852281
790,generalized_dunn_53,banknote_authentication,234.6344027519226
791,generalized_dunn_53,boston_corrected,45.475182135899864
792,generalized_dunn_53,breast_tissue,29.211339394251507
793,generalized_dunn_53,chscase_census2,59.34564095073276
794,generalized_dunn_53,chscase_census6,100.14615948994954
795,generalized_dunn_53,collins,207.7981091340383
796,generalized_dunn_53,dataset_185_yeast,200.59524522887335
797,generalized_dunn_53,dataset_187_abalone,994.0116331577301
798,generalized_dunn_53,dataset_18_mfeat_morphological,340.2638912730747
799,generalized_dunn_53,dataset_2181_auto_price,241.32163468996683
800,generalized_dunn_53,dataset_36_segment,860.3260202672747
801,generalized_dunn_53,dataset_39_ecoli,169.66643555959067
802,generalized_dunn_53,dataset_41_glass,34.968848069508866
803,generalized_dunn_53,dataset_43_haberman,31.389305777019924
804,generalized_dunn_53,dataset_53_heart_statlog,39.50521736674838
805,generalized_dunn_53,dataset_54_vehicle,80.13377091619704
806,generalized_dunn_53,dataset_8_liver_disorders,65.33193964428372
807,generalized_dunn_53,debutanizer,980.4522598849403
808,generalized_dunn_53,disclosure_x_bias,104.01806693606906
809,generalized_dunn_53,fri_c0_1000_25,26.726467265023125
810,generalized_dunn_53,fri_c0_100_25,7.173035250769721
811,generalized_dunn_53,fri_c0_250_10,68.0047214825948
812,generalized_dunn_53,fri_c1_1000_5,389.55864776505365
813,generalized_dunn_53,fri_c1_100_10,52.13985498746237
814,generalized_dunn_53,fri_c1_100_5,52.92650127410889
815,generalized_dunn_53,fri_c1_250_10,59.215308825174965
816,generalized_dunn_53,fri_c1_250_5,15.28152502907647
817,generalized_dunn_53,fri_c1_500_25,126.57154054111905
818,generalized_dunn_53,fri_c2_1000_10,303.06538960668775
819,generalized_dunn_53,fri_c2_250_10,104.01920024553935
820,generalized_dunn_53,fri_c2_500_5,171.25138338406882
821,generalized_dunn_53,fri_c3_1000_10,1194.518829425176
822,generalized_dunn_53,fri_c3_1000_5,993.5837139023674
823,generalized_dunn_53,fri_c3_250_25,33.72086948818631
824,generalized_dunn_53,fri_c3_250_5,81.08917164802551
825,generalized_dunn_53,fri_c3_500_10,200.90766867001852
826,generalized_dunn_53,fri_c3_500_5,186.33138948016696
827,generalized_dunn_53,fri_c4_1000_100,225.94409357176886
828,generalized_dunn_53,fri_c4_1000_25,144.07664346694946
829,generalized_dunn_53,fri_c4_250_10,16.514562977684868
830,generalized_dunn_53,fri_c4_250_25,33.2689839998881
831,generalized_dunn_53,fri_c4_500_25,220.98775792121887
832,generalized_dunn_53,generated_10dim_10cl,100.94579074117873
833,generalized_dunn_53,generated_10dim_30cl,270.7090768814087
834,generalized_dunn_53,generated_2dim_10cl,169.01042053434583
835,generalized_dunn_53,generated_2dim_30cl,497.668655845854
836,generalized_dunn_53,heart_h,158.1393448776669
837,generalized_dunn_53,heart_long_beach,112.4464320341746
838,generalized_dunn_53,heart_switzerland,82.73300782839458
839,generalized_dunn_53,immunotherapy,43.370168368021645
840,generalized_dunn_53,iris,0.0
841,generalized_dunn_53,leaf,2.882417175504896
842,generalized_dunn_53,mu284,0.0
843,generalized_dunn_53,oil_spill,59.833322842915855
844,generalized_dunn_53,parkinsons,0.0
845,generalized_dunn_53,pathogen_survey_dataset,346.4319848484463
846,generalized_dunn_53,planning_relax,74.7997509903378
847,generalized_dunn_53,pm10,144.22334429952832
848,generalized_dunn_53,pollen,1614.9472938643564
849,generalized_dunn_53,prnn_crabs,7.898319456312391
850,generalized_dunn_53,prnn_fglass,63.12819589508904
851,generalized_dunn_53,quake,553.6870947149065
852,generalized_dunn_53,rmftsa_ctoarrivals,62.21727916929457
853,generalized_dunn_53,rmftsa_sleepdata,172.02501106262207
854,generalized_dunn_53,sales_transactions,90.77043745252821
855,generalized_dunn_53,seeds,73.90161180496216
856,generalized_dunn_53,seismic_bumps,50.05440963639153
857,generalized_dunn_53,steel_plates_fault,359.3561516073015
858,generalized_dunn_53,transplant,0.0
859,generalized_dunn_53,user_knowledge,48.32141015264723
860,generalized_dunn_53,vertebra_column,109.30387706226773
861,generalized_dunn_53,volcanoes_a2,514.7427334520552
862,generalized_dunn_53,volcanoes_a3,367.32145155800714
863,generalized_dunn_53,volcanoes_a4,515.5899755689833
864,generalized_dunn_53,volcanoes_e1,279.4267728063795
865,generalized_dunn_53,volcanoes_e2,337.52430478731793
866,generalized_dunn_53,volcanoes_e3,298.67028456264075
867,generalized_dunn_53,volcanoes_e4,317.12561840481226
868,generalized_dunn_53,volcanoes_e5,179.5669941107432
869,generalized_dunn_53,vowel,142.1436116695404
870,generalized_dunn_53,wholesale_customers,123.54099660449558
871,generalized_dunn_53,wine_quality_red,178.79907965660095
872,generalized_dunn_53,yagoSchema_ttl,2.2640660338931613
873,silhouette,Concrete_Data,148.5641802151998
874,silhouette,HappinessRank_2015,15.276139895121256
875,silhouette,ICU,3.2784193886650934
876,silhouette,ParkinsonSpeechDataset,89.08798127704196
877,silhouette,analcatdata_lawsuit,3.3653092914157443
878,silhouette,analcatdata_vineyard,9.841162178251478
879,silhouette,analcatdata_wildcat,7.511346181233724
880,silhouette,arsenic_female_bladder,20.927422258589004
881,silhouette,arsenic_male_bladder,49.414494620429146
882,silhouette,arsenic_male_lung,63.10341305202908
883,silhouette,autoUniv_au7_1100,145.89824424849616
884,silhouette,autoUniv_au7_500,41.335029151704575
885,silhouette,autoUniv_au7_700,66.35520511203342
886,silhouette,badges2,0.0
887,silhouette,banknote_authentication,146.3971594174703
888,silhouette,boston_corrected,38.13600264655219
889,silhouette,breast_tissue,7.976733446121216
890,silhouette,chscase_census2,26.3183950053321
891,silhouette,chscase_census6,32.71609354019165
892,silhouette,collins,85.77629643016391
893,silhouette,dataset_185_yeast,241.2067003779941
894,silhouette,dataset_187_abalone,694.2258565690782
895,silhouette,dataset_18_mfeat_morphological,217.63050643603006
896,silhouette,dataset_2181_auto_price,0.0
897,silhouette,dataset_36_segment,460.62691418329877
898,silhouette,dataset_39_ecoli,12.761458211474949
899,silhouette,dataset_41_glass,7.540225585301717
900,silhouette,dataset_43_haberman,0.0
901,silhouette,dataset_53_heart_statlog,2.973165167702569
902,silhouette,dataset_54_vehicle,46.41256750954522
903,silhouette,dataset_8_liver_disorders,13.084582381778294
904,silhouette,debutanizer,1351.9467930528854
905,silhouette,disclosure_x_bias,76.77784212430318
906,silhouette,fri_c0_1000_25,107.24009606573317
907,silhouette,fri_c0_100_25,9.561233096652561
908,silhouette,fri_c0_250_10,24.361584689882065
909,silhouette,fri_c1_1000_5,120.30462612046136
910,silhouette,fri_c1_100_10,3.9055155648125544
911,silhouette,fri_c1_100_5,6.894801722632514
912,silhouette,fri_c1_250_10,16.908178117540146
913,silhouette,fri_c1_250_5,11.789434671401978
914,silhouette,fri_c1_500_25,52.1549215581682
915,silhouette,fri_c2_1000_10,94.28373633490668
916,silhouette,fri_c2_250_10,24.519083499908447
917,silhouette,fri_c2_500_5,44.70674941274855
918,silhouette,fri_c3_1000_10,344.4664788775974
919,silhouette,fri_c3_1000_5,82.7166878382365
920,silhouette,fri_c3_250_25,34.30604412820604
921,silhouette,fri_c3_250_5,18.78947244750129
922,silhouette,fri_c3_500_10,59.02425652080112
923,silhouette,fri_c3_500_5,36.13669496112399
924,silhouette,fri_c4_1000_100,353.2553282313877
925,silhouette,fri_c4_1000_25,174.99646374914383
926,silhouette,fri_c4_250_10,20.1854084332784
927,silhouette,fri_c4_250_25,9.066472397910225
928,silhouette,fri_c4_500_25,35.500097539689804
929,silhouette,generated_10dim_10cl,32.0807880030738
930,silhouette,generated_10dim_30cl,55.83738141589694
931,silhouette,generated_2dim_10cl,59.61353357632955
932,silhouette,generated_2dim_30cl,43.702195485432945
933,silhouette,heart_h,0.0
934,silhouette,heart_long_beach,8.780971818500095
935,silhouette,heart_switzerland,14.55473346180386
936,silhouette,immunotherapy,0.0
937,silhouette,iris,10.846866104337902
938,silhouette,leaf,0.0
939,silhouette,mu284,0.0
940,silhouette,oil_spill,93.97003859943814
941,silhouette,parkinsons,0.0
942,silhouette,pathogen_survey_dataset,61.06399941444397
943,silhouette,planning_relax,9.744554917017618
944,silhouette,pm10,57.28566238615248
945,silhouette,pollen,897.1684426996443
946,silhouette,prnn_crabs,6.315620210435656
947,silhouette,prnn_fglass,17.65188561545478
948,silhouette,quake,1386.5418196519215
949,silhouette,rmftsa_ctoarrivals,19.410501109229195
950,silhouette,rmftsa_sleepdata,19.30615676773919
951,silhouette,sales_transactions,44.82193165355258
952,silhouette,seeds,7.812344153722127
953,silhouette,seismic_bumps,16.910832590527004
954,silhouette,steel_plates_fault,481.7186551094055
955,silhouette,transplant,0.0
956,silhouette,user_knowledge,8.380368762546116
957,silhouette,vertebra_column,28.46330075793796
958,silhouette,volcanoes_a2,196.18074435657925
959,silhouette,volcanoes_a3,357.8161443339454
960,silhouette,volcanoes_a4,395.30024154980975
961,silhouette,volcanoes_e1,193.40076626671686
962,silhouette,volcanoes_e2,202.36767445670233
963,silhouette,volcanoes_e3,206.69697976112366
964,silhouette,volcanoes_e4,201.80098814434476
965,silhouette,volcanoes_e5,205.8253000047472
966,silhouette,vowel,279.02604688538446
967,silhouette,wholesale_customers,31.579593976338703
968,silhouette,wine_quality_red,198.76691706975302
969,silhouette,yagoSchema_ttl,5.451475832197401
